{
  "timestamp": "2025-08-25T18:21:46.077235Z",
  "base_model": "TinyLlama/TinyLlama-1.1B-Chat-v1.0",
  "adapter_dir": "./tinyllama-sst2-lora/lora_adapter",
  "split": "validation",
  "batch_size": 32,
  "max_length": 256,
  "device": "cuda",
  "amp": true,
  "num_examples": 872,
  "total_tokens": 24501,
  "accuracy": 0.9564220183486238,
  "total_time_s": 1.9957032700003765,
  "examples_per_sec": 436.9387038183464,
  "latency_ms_per_example": 2.2886505389912575,
  "tokens_per_sec": 12276.875209006084,
  "vram_peak_bytes": 4512260096,
  "vram_peak_GB": 4.202369689941406,
  "avg_power_W": 199.94922418681827,
  "peak_power_W": 259.814,
  "energy_Wh": 0.10559055968196514,
  "energy_J": 380.1260148550745,
  "power_interval_s": 0.1
}